{"cameraMode":{"drawMode":0,"name":"Shaded","section":"Shading Mode"},"sceneLighting":false,"audioPlay":false,"sceneViewState":{"showFog":true,"showMaterialUpdate":true,"showSkybox":false,"showFlares":true,"showImageEffects":true,"showParticleSystems":true},"in2DMode":false,"pivot":{"x":-37.35405349731445,"y":1.4449999332427979,"z":8.827999114990235},"rotation":{"x":-0.17063243687152863,"y":0.583593487739563,"z":-0.12653614580631257,"w":-0.7837937474250794},"size":1.7870893478393555,"orthographic":false}